<?xml version="1.0" encoding="UTF-8"?>
<beans xmlns="http://www.springframework.org/schema/beans"
	xmlns:xsi="http://www.w3.org/2001/XMLSchema-instance"
	xsi:schemaLocation="http://www.springframework.org/schema/beans
	http://www.springframework.org/schema/beans/spring-beans-3.0.xsd">

	<bean class="org.springframework.beans.factory.config.PropertyPlaceholderConfigurer">
	  	<property name="location">
	        	<value>classpath:beans.properties</value>
	  	</property>
	</bean>

	<bean id="bookTitle" class="net.codejava.frameworks.spring.bo.Title">
		<property name="titleValue">
			<value>${myFirstSpringBook.title}</value>
		</property>
	</bean>	

	<bean id="chapter1Title" class="net.codejava.frameworks.spring.bo.Title">
		<constructor-arg>
			<value>${myFirstSpringBook.chapter1.title}</value>
		</constructor-arg>
	</bean>
	
	<bean id="chapter2Title" class="net.codejava.frameworks.spring.bo.Title">
		<constructor-arg>
			<value>${myFirstSpringBook.chapter2.title}</value>
		</constructor-arg>
	</bean>	
	
	<bean id="chapter3Title" class="net.codejava.frameworks.spring.bo.Title">
		<property name="titleValue">
			<value>${myFirstSpringBook.chapter3.title}</value>
		</property>
	</bean>		

</beans>
